{"0":0.7232805119,"15":0.0320424106,"6":0.0267117823,"8":0.024435217,"3":0.0224623259}